{
    "elapsed_time": 230.30906111001968,
    "num_requests": 1000,
    "total_num_tokens": 736330,
    "requests_per_second": 4.341991562035397,
    "tokens_per_second": 3197.1386468735236
}