{
    "elapsed_time": 402.3294672546908,
    "num_requests": 1000,
    "total_num_tokens": 736330,
    "requests_per_second": 2.4855251265176648,
    "tokens_per_second": 1830.1667164087519
}