{
    "elapsed_time": 2606.849624030001,
    "num_requests": 1000,
    "total_num_tokens": 749165,
    "requests_per_second": 0.3836047890073814,
    "tokens_per_second": 287.3832817567149
}