{
    "elapsed_time": 279.8743902290007,
    "num_requests": 1000,
    "total_num_tokens": 736330,
    "requests_per_second": 3.5730314559391205,
    "tokens_per_second": 2630.9302519516527
}