{
    "elapsed_time": 363.62999820299956,
    "num_requests": 1000,
    "total_num_tokens": 749165,
    "requests_per_second": 2.7500481394324936,
    "tokens_per_second": 2060.239814377944
}