{
    "elapsed_time": 368.6272531009963,
    "num_requests": 500,
    "total_num_tokens": 367735,
    "requests_per_second": 1.356383706830841,
    "tokens_per_second": 997.5795248628787
}