{
    "elapsed_time": 1154.4665571090009,
    "num_requests": 500,
    "total_num_tokens": 371088,
    "requests_per_second": 0.43310046265185287,
    "tokens_per_second": 321.43676896910154
}