{
    "elapsed_time": 1285.9699652389972,
    "num_requests": 1000,
    "total_num_tokens": 749165,
    "requests_per_second": 0.7776231381999269,
    "tokens_per_second": 582.5680383295482
}