{
    "elapsed_time": 431.16164146200026,
    "num_requests": 1000,
    "total_num_tokens": 736330,
    "requests_per_second": 2.319315782844596,
    "tokens_per_second": 1707.7817903819612
}