{
    "elapsed_time": 604.6067389169984,
    "num_requests": 1000,
    "total_num_tokens": 738792,
    "requests_per_second": 1.6539676712688476,
    "tokens_per_second": 1221.9380837920544
}