{
    "elapsed_time": 581.3710580350016,
    "num_requests": 1000,
    "total_num_tokens": 755432,
    "requests_per_second": 1.72007186491178,
    "tokens_per_second": 1299.397329054036
}