{
    "elapsed_time": 518.4320176600013,
    "num_requests": 1000,
    "total_num_tokens": 741334,
    "requests_per_second": 1.9288932124863885,
    "tokens_per_second": 1429.9541207853842
}