{
    "elapsed_time": 342.5061867629993,
    "num_requests": 1000,
    "total_num_tokens": 736330,
    "requests_per_second": 2.9196552898822827,
    "tokens_per_second": 2149.8297795990215
}