{
    "elapsed_time": 1545.3700237330013,
    "num_requests": 1000,
    "total_num_tokens": 749165,
    "requests_per_second": 0.6470942134521261,
    "tokens_per_second": 484.7803364208621
}