{
    "elapsed_time": 1340.6032446479949,
    "num_requests": 1000,
    "total_num_tokens": 749165,
    "requests_per_second": 0.7459328507462863,
    "tokens_per_second": 558.8267841293416
}