{
    "elapsed_time": 361.11224430600123,
    "num_requests": 1000,
    "total_num_tokens": 749165,
    "requests_per_second": 2.76922207919545,
    "tokens_per_second": 2074.6042589604594
}