{
    "elapsed_time": 252.42282237578183,
    "num_requests": 1000,
    "total_num_tokens": 736330,
    "requests_per_second": 3.9616069204364575,
    "tokens_per_second": 2917.0500237249767
}