{
    "elapsed_time": 889.9994421191514,
    "num_requests": 1000,
    "total_num_tokens": 741334,
    "requests_per_second": 1.1235962099245025,
    "tokens_per_second": 832.9600726881711
}