{
    "elapsed_time": 680.202111824,
    "num_requests": 1000,
    "total_num_tokens": 741334,
    "requests_per_second": 1.4701512721247574,
    "tokens_per_second": 1089.8731231693348
}