{
    "elapsed_time": 354.4166975950002,
    "num_requests": 1000,
    "total_num_tokens": 736330,
    "requests_per_second": 2.821537491844479,
    "tokens_per_second": 2077.5827013698454
}