{
    "elapsed_time": 156.32366928458214,
    "num_requests": 1000,
    "total_num_tokens": 738792,
    "requests_per_second": 6.396983928131399,
    "tokens_per_second": 4726.040550232053
}