{
    "elapsed_time": 1137.7359496590016,
    "num_requests": 1000,
    "total_num_tokens": 741334,
    "requests_per_second": 0.8789385624139913,
    "tokens_per_second": 651.5870402286138
}