{
    "elapsed_time": 1089.8343978980001,
    "num_requests": 1000,
    "total_num_tokens": 741334,
    "requests_per_second": 0.9175705978162676,
    "tokens_per_second": 680.226281561525
}