{
    "elapsed_time": 449.04138348200104,
    "num_requests": 1000,
    "total_num_tokens": 741334,
    "requests_per_second": 2.2269662369327774,
    "tokens_per_second": 1650.9257882903235
}