{
    "elapsed_time": 674.5005297629996,
    "num_requests": 1000,
    "total_num_tokens": 738792,
    "requests_per_second": 1.4825785242175744,
    "tokens_per_second": 1095.31715306375
}