{
    "elapsed_time": 767.3010607799997,
    "num_requests": 1000,
    "total_num_tokens": 755432,
    "requests_per_second": 1.303269408989804,
    "tokens_per_second": 984.5314161719857
}