{
    "elapsed_time": 544.9470995769998,
    "num_requests": 1000,
    "total_num_tokens": 741334,
    "requests_per_second": 1.8350405035208417,
    "tokens_per_second": 1360.3779166371198
}