{
    "elapsed_time": 656.579405487,
    "num_requests": 1000,
    "total_num_tokens": 736330,
    "requests_per_second": 1.5230450295014615,
    "tokens_per_second": 1121.463746572811
}