{
    "elapsed_time": 569.8341109329999,
    "num_requests": 1000,
    "total_num_tokens": 755432,
    "requests_per_second": 1.7548966985543941,
    "tokens_per_second": 1325.705122782343
}